"id","age","job_roles","monthlyincome","yearsatcompany","attrition","incomeperyearatcompany"
4,38,"Human Resources",2592,11,"No","2827.00"
4,31,"Human Resources",2956,1,"Yes","35472.00"
1,59,"Manager",18844,3,"No","75376.00"
4,39,"Human Resources",6389,8,"No","9583.00"
1,42,"Manager",16799,20,"No","10079.00"
1,41,"Manager",19189,22,"No","10466.00"
4,38,"Human Resources",2844,7,"No","4875.00"
1,41,"Manager",19141,21,"No","10937.00"
4,37,"Human Resources",2073,3,"Yes","8292.00"
4,29,"Human Resources",2335,2,"Yes","14010.00"
4,34,"Human Resources",9950,3,"Yes","39800.00"
4,25,"Human Resources",2187,2,"No","13122.00"
4,30,"Human Resources",2180,4,"Yes","6540.00"
4,36,"Human Resources",2143,5,"No","5143.00"
4,30,"Human Resources",6347,11,"No","6924.00"
1,55,"Manager",19636,10,"No","23563.00"
4,34,"Human Resources",3737,3,"No","14948.00"
1,54,"Manager",17328,5,"No","41587.00"
4,36,"Human Resources",3886,10,"No","4663.00"
4,24,"Human Resources",1555,1,"Yes","18660.00"
4,44,"Human Resources",5743,10,"No","6891.00"
4,41,"Human Resources",6430,3,"No","25720.00"
4,31,"Human Resources",6410,2,"No","38460.00"
4,33,"Human Resources",2277,4,"No","6831.00"
4,33,"Human Resources",3600,5,"No","8640.00"
4,38,"Human Resources",6077,6,"No","12154.00"
4,27,"Human Resources",2863,1,"Yes","34356.00"
6,37,"Manufacturing Director",6447,6,"No","12894.00"
9,49,"Research Director",19502,31,"No","7549.00"
9,43,"Research Director",19740,8,"No","29610.00"
8,34,"Sales Executive",5714,6,"No","11428.00"
5,24,"Laboratory Technician",2886,6,"Yes","5772.00"
2,34,"Research Scientist",3622,6,"No","7244.00"
7,24,"Sales Representative",2033,1,"No","24396.00"
2,20,"Research Scientist",2836,1,"No","34032.00"
3,42,"Healthcare Representative",4089,10,"No","4906.00"
7,30,"Sales Representative",2033,1,"Yes","24396.00"
2,38,"Research Scientist",2619,0,"No",NULL
1,51,"Manager",19847,29,"No","8212.00"
1,48,"Manager",15402,3,"No","61608.00"
2,32,"Research Scientist",6322,6,"No","12644.00"
2,27,"Research Scientist",2517,5,"No","6040.00"
2,34,"Research Scientist",2691,10,"No","3229.00"
5,26,"Laboratory Technician",2659,3,"No","10636.00"
7,35,"Sales Representative",2404,1,"No","28848.00"
2,35,"Research Scientist",6646,17,"No","4691.00"
3,33,"Healthcare Representative",7725,13,"No","7130.00"
3,29,"Healthcare Representative",6623,6,"No","13246.00"
9,48,"Research Director",18265,1,"No","219180.00"
9,29,"Research Director",16124,7,"No","27641.00"
2,33,"Research Scientist",3348,10,"Yes","4017.00"
5,35,"Laboratory Technician",1281,1,"No","15372.00"
2,29,"Research Scientist",2720,10,"No","3264.00"
2,37,"Research Scientist",4680,1,"No","56160.00"
2,19,"Research Scientist",2994,1,"No","35928.00"
2,23,"Research Scientist",1223,1,"No","14676.00"
3,38,"Healthcare Representative",7625,9,"No","10166.00"
6,27,"Manufacturing Director",7412,9,"No","9882.00"
9,32,"Research Director",11159,7,"No","19129.00"
9,53,"Research Director",14814,5,"No","35553.00"
6,27,"Manufacturing Director",8793,9,"No","11724.00"
2,28,"Research Scientist",2216,7,"Yes","3798.00"
9,36,"Research Director",11713,8,"No","17569.00"
6,38,"Manufacturing Director",7861,1,"No","94332.00"
2,26,"Research Scientist",2875,8,"No","4312.00"
3,57,"Healthcare Representative",9439,5,"No","22653.00"
5,21,"Laboratory Technician",2625,2,"Yes","15750.00"
1,50,"Manager",19926,5,"No","47822.00"
2,41,"Research Scientist",2451,9,"No","3268.00"
1,44,"Manager",19190,25,"No","9211.00"
5,53,"Laboratory Technician",2450,2,"No","14700.00"
3,35,"Healthcare Representative",5093,1,"No","61116.00"
5,32,"Laboratory Technician",5309,10,"No","6370.00"
2,35,"Research Scientist",3506,3,"No","14024.00"
6,34,"Manufacturing Director",5121,0,"No",NULL
2,32,"Research Scientist",3038,5,"No","7291.00"
6,36,"Manufacturing Director",5410,16,"No","4057.00"
5,26,"Laboratory Technician",4364,2,"No","26184.00"
5,28,"Laboratory Technician",3867,2,"No","23202.00"
2,34,"Research Scientist",3280,4,"No","9840.00"
4,30,"Human Resources",2064,5,"No","4953.00"
2,37,"Research Scientist",2782,5,"No","6676.00"
6,38,"Manufacturing Director",5980,15,"No","4784.00"
8,34,"Sales Executive",4001,15,"No","3200.00"
5,30,"Laboratory Technician",3833,2,"No","22998.00"
1,42,"Manager",18430,24,"No","9215.00"
5,23,"Laboratory Technician",1601,0,"Yes",NULL
5,24,"Laboratory Technician",2694,1,"No","32328.00"
5,52,"Laboratory Technician",3149,5,"No","7557.00"
5,29,"Laboratory Technician",2319,1,"Yes","27828.00"
2,56,"Research Scientist",4257,2,"No","25542.00"
8,39,"Sales Executive",5902,15,"No","4721.00"
1,41,"Manager",16595,18,"No","11063.00"
2,29,"Research Scientist",2700,10,"No","3240.00"
9,58,"Research Director",19246,31,"Yes","7450.00"
2,35,"Research Scientist",2506,2,"No","15036.00"
6,42,"Manufacturing Director",6062,4,"No","18186.00"
2,33,"Research Scientist",2500,3,"No","10000.00"
6,32,"Manufacturing Director",6162,14,"No","5281.00"
5,19,"Laboratory Technician",1102,1,"Yes","13224.00"
2,58,"Research Scientist",2372,2,"No","14232.00"
2,45,"Research Scientist",2274,1,"No","27288.00"
6,42,"Manufacturing Director",4434,9,"No","5912.00"
3,38,"Healthcare Representative",6288,4,"No","18864.00"
2,34,"Research Scientist",2553,5,"No","6127.00"
9,43,"Research Director",17159,4,"No","51477.00"
8,43,"Sales Executive",5675,7,"No","9728.00"
5,32,"Laboratory Technician",4883,10,"Yes","5859.00"
5,38,"Laboratory Technician",2288,2,"No","13728.00"
8,38,"Sales Executive",9924,9,"No","13232.00"
5,28,"Laboratory Technician",6674,9,"No","8898.00"
2,30,"Research Scientist",3761,5,"No","9026.00"
9,50,"Research Director",16880,3,"No","67520.00"
4,43,"Human Resources",3539,9,"No","4718.00"
6,22,"Manufacturing Director",4775,2,"No","28650.00"
5,44,"Laboratory Technician",2818,3,"No","11272.00"
6,39,"Manufacturing Director",4534,8,"No","6801.00"
6,35,"Manufacturing Director",10685,17,"No","7542.00"
2,35,"Research Scientist",2022,10,"Yes","2426.00"
5,32,"Laboratory Technician",2314,3,"No","9256.00"
8,34,"Sales Executive",5337,10,"No","6404.00"
5,24,"Laboratory Technician",3162,5,"No","7588.00"
5,42,"Laboratory Technician",5231,5,"No","12554.00"
2,31,"Research Scientist",2356,6,"No","4712.00"
9,53,"Research Director",14275,12,"No","14275.00"
3,43,"Healthcare Representative",5562,5,"No","13348.00"
1,50,"Manager",17924,31,"No","6938.00"
5,32,"Laboratory Technician",2795,1,"Yes","33540.00"
5,44,"Laboratory Technician",2362,3,"Yes","9448.00"
2,44,"Research Scientist",2559,8,"No","3838.00"
5,58,"Laboratory Technician",2380,1,"Yes","28560.00"
6,43,"Manufacturing Director",4765,1,"No","57180.00"
1,31,"Manager",11557,5,"No","27736.00"
3,36,"Healthcare Representative",6586,16,"No","4939.00"
6,22,"Manufacturing Director",4171,3,"Yes","16684.00"
5,41,"Laboratory Technician",2778,7,"Yes","4762.00"
1,42,"Manager",17861,20,"No","10716.00"
4,28,"Human Resources",2706,3,"No","10824.00"
2,27,"Research Scientist",2318,1,"No","27816.00"
5,34,"Laboratory Technician",2008,1,"No","24096.00"
8,45,"Sales Executive",5154,8,"No","7731.00"
3,35,"Healthcare Representative",4014,10,"No","4816.00"
7,31,"Sales Representative",2791,2,"No","16746.00"
2,40,"Research Scientist",3544,4,"No","10632.00"
8,31,"Sales Executive",6582,6,"No","13164.00"
5,32,"Laboratory Technician",2332,3,"No","9328.00"
3,34,"Healthcare Representative",8500,9,"No","11333.00"
2,40,"Research Scientist",4661,9,"No","6214.00"
8,27,"Sales Executive",8726,9,"No","11634.00"
2,35,"Research Scientist",4249,9,"No","5665.00"
3,33,"Healthcare Representative",6949,5,"No","16677.00"
5,45,"Laboratory Technician",4447,9,"No","5929.00"
1,52,"Manager",17099,9,"No","22798.00"
5,40,"Laboratory Technician",2387,4,"No","7161.00"
6,48,"Manufacturing Director",7898,10,"No","9477.00"
2,29,"Research Scientist",2404,0,"Yes",NULL
2,33,"Research Scientist",3452,3,"No","13808.00"
5,18,"Laboratory Technician",1611,0,"No",NULL
8,41,"Sales Executive",6230,14,"No","5340.00"
4,35,"Human Resources",8837,9,"No","11782.00"
1,55,"Manager",16835,10,"No","20202.00"
5,45,"Laboratory Technician",3633,9,"No","4844.00"
2,30,"Research Scientist",2132,5,"Yes","5116.00"
6,50,"Manufacturing Director",13973,12,"No","13973.00"
6,56,"Manufacturing Director",13402,19,"No","8464.00"
1,52,"Manager",16555,5,"No","39732.00"
6,30,"Manufacturing Director",6091,5,"No","14618.00"
1,60,"Manager",19566,29,"No","8096.00"
1,46,"Manager",17567,26,"No","8107.00"
7,23,"Sales Representative",2275,3,"Yes","9100.00"
5,38,"Laboratory Technician",1702,1,"No","20424.00"
2,26,"Research Scientist",2886,3,"No","11544.00"
5,30,"Laboratory Technician",2097,5,"No","5032.00"
1,50,"Manager",17046,27,"No","7576.00"
2,27,"Research Scientist",2235,9,"No","2980.00"
6,54,"Manufacturing Director",10502,5,"No","25204.00"
9,46,"Research Director",17861,3,"No","71444.00"
5,35,"Laboratory Technician",4230,5,"No","10152.00"
5,54,"Laboratory Technician",3780,1,"No","45360.00"
2,34,"Research Scientist",2768,7,"No","4745.00"
6,31,"Manufacturing Director",10648,13,"No","9828.00"
2,44,"Research Scientist",2011,10,"No","2413.00"
3,35,"Healthcare Representative",7632,8,"No","11448.00"
3,31,"Healthcare Representative",9824,1,"Yes","117888.00"
6,40,"Manufacturing Director",13237,20,"No","7942.00"
5,39,"Laboratory Technician",3755,8,"No","5632.00"
2,29,"Research Scientist",3760,3,"No","15040.00"
8,42,"Sales Executive",13758,21,"Yes","7861.00"
9,54,"Research Director",17779,10,"No","21334.00"
8,29,"Sales Executive",8620,10,"No","10344.00"
8,29,"Sales Executive",7336,11,"Yes","8002.00"
8,41,"Sales Executive",8189,9,"No","10918.00"
8,45,"Sales Executive",5006,5,"No","12014.00"
8,55,"Sales Executive",10239,1,"No","122868.00"
8,40,"Sales Executive",10475,18,"No","6983.00"
2,32,"Research Scientist",2432,4,"Yes","7296.00"
2,38,"Research Scientist",4771,5,"No","11450.00"
9,49,"Research Director",19161,5,"No","45986.00"
3,38,"Healthcare Representative",8823,19,"No","5572.00"
5,36,"Laboratory Technician",2810,5,"No","6744.00"
5,27,"Laboratory Technician",4621,3,"No","18484.00"
3,29,"Healthcare Representative",5373,5,"No","12895.00"
6,55,"Manufacturing Director",10976,3,"No","43904.00"
2,31,"Research Scientist",5003,10,"No","6003.00"
6,32,"Manufacturing Director",9679,1,"No","116148.00"
2,54,"Research Scientist",2897,4,"No","8691.00"
3,33,"Healthcare Representative",5968,9,"No","7957.00"
3,43,"Healthcare Representative",7510,10,"No","9012.00"
2,42,"Research Scientist",4332,20,"No","2599.00"
3,33,"Healthcare Representative",7119,3,"No","28476.00"
5,24,"Laboratory Technician",2774,5,"No","6657.00"
3,24,"Healthcare Representative",4617,4,"No","13851.00"
8,31,"Sales Executive",4559,2,"Yes","27354.00"
5,28,"Laboratory Technician",2207,4,"No","6621.00"
3,34,"Healthcare Representative",7756,6,"No","15512.00"
6,38,"Manufacturing Director",5321,8,"No","7981.00"
2,42,"Research Scientist",5410,4,"No","16230.00"
2,41,"Research Scientist",2782,5,"No","6676.00"
2,34,"Research Scientist",4505,1,"No","54060.00"
8,52,"Sales Executive",8446,8,"Yes","12669.00"
2,22,"Research Scientist",3375,3,"No","13500.00"
5,36,"Laboratory Technician",2835,1,"No","34020.00"
2,30,"Research Scientist",2613,10,"No","3135.00"
5,32,"Laboratory Technician",2837,6,"No","5674.00"
5,40,"Laboratory Technician",2406,1,"No","28872.00"
2,39,"Research Scientist",4108,7,"No","7042.00"
2,34,"Research Scientist",2979,0,"No",NULL
9,37,"Research Director",13744,16,"No","10308.00"
2,56,"Research Scientist",4963,5,"Yes","11911.00"
1,39,"Manager",19431,6,"No","38862.00"
6,36,"Manufacturing Director",5131,4,"No","15393.00"
3,56,"Healthcare Representative",6306,13,"No","5820.00"
3,52,"Healthcare Representative",10445,8,"No","15667.00"
1,42,"Manager",18880,22,"No","10298.00"
6,41,"Manufacturing Director",13570,20,"No","8142.00"
8,24,"Sales Executive",4577,2,"Yes","27462.00"
2,40,"Research Scientist",2809,2,"No","16854.00"
3,35,"Healthcare Representative",5689,10,"No","6826.00"
2,29,"Research Scientist",2514,7,"No","4309.00"
2,35,"Research Scientist",2977,4,"No","8931.00"
1,46,"Manager",16606,13,"No","15328.00"
9,51,"Research Director",19537,20,"No","11722.00"
6,43,"Manufacturing Director",10820,8,"No","16230.00"
3,39,"Healthcare Representative",12169,18,"Yes","8112.00"
6,27,"Manufacturing Director",6142,6,"No","12284.00"
8,32,"Sales Executive",4403,5,"No","10567.00"
2,59,"Research Scientist",2177,1,"No","26124.00"
5,39,"Laboratory Technician",6782,5,"No","16276.00"
5,52,"Laboratory Technician",3212,2,"No","19272.00"
6,36,"Manufacturing Director",7779,11,"No","8486.00"
5,33,"Laboratory Technician",2707,9,"Yes","3609.00"
5,32,"Laboratory Technician",3730,3,"Yes","14920.00"
2,28,"Research Scientist",3201,5,"No","7682.00"
2,41,"Research Scientist",3072,1,"No","36864.00"
7,31,"Sales Representative",3067,2,"No","18402.00"
6,34,"Manufacturing Director",4033,3,"No","16132.00"
2,33,"Research Scientist",2911,2,"No","17466.00"
6,34,"Manufacturing Director",5957,11,"No","6498.00"
2,29,"Research Scientist",3291,7,"No","5641.00"
6,45,"Manufacturing Director",6434,3,"No","25736.00"
4,44,"Human Resources",5985,2,"No","35910.00"
8,47,"Sales Executive",12936,23,"Yes","6749.00"
2,29,"Research Scientist",2340,6,"No","4680.00"
2,42,"Research Scientist",6545,3,"No","26180.00"
6,25,"Manufacturing Director",4898,4,"No","14694.00"
8,53,"Sales Executive",10448,2,"Yes","62688.00"
2,28,"Research Scientist",2703,3,"No","10812.00"
2,51,"Research Scientist",2723,1,"No","32676.00"
4,34,"Human Resources",4490,10,"No","5388.00"
5,32,"Laboratory Technician",2794,5,"No","6705.00"
5,28,"Laboratory Technician",3485,0,"Yes",NULL
5,41,"Laboratory Technician",4766,1,"No","57192.00"
3,25,"Healthcare Representative",4000,6,"No","8000.00"
5,36,"Laboratory Technician",3210,15,"No","2568.00"
1,47,"Manager",19658,5,"No","47179.00"
1,47,"Manager",11849,10,"Yes","14218.00"
2,27,"Research Scientist",2539,4,"No","7617.00"
6,51,"Manufacturing Director",10650,4,"Yes","31950.00"
1,35,"Manager",11996,7,"No","20564.00"
6,26,"Manufacturing Director",6397,6,"No","12794.00"
9,50,"Research Director",19144,10,"No","22972.00"
8,25,"Sales Executive",4851,3,"No","19404.00"
5,28,"Laboratory Technician",2515,1,"Yes","30180.00"
2,37,"Research Scientist",2115,17,"No","1492.00"
5,44,"Laboratory Technician",3161,1,"Yes","37932.00"
3,38,"Healthcare Representative",5745,2,"No","34470.00"
2,28,"Research Scientist",3310,5,"No","7944.00"
9,49,"Research Director",18665,3,"No","74660.00"
8,33,"Sales Executive",5376,5,"No","12902.00"
2,30,"Research Scientist",2632,5,"No","6316.00"
5,18,"Laboratory Technician",1420,0,"Yes",NULL
5,36,"Laboratory Technician",3688,1,"No","44256.00"
6,35,"Manufacturing Director",10274,7,"No","17612.00"
8,36,"Sales Executive",6201,18,"No","4134.00"
5,36,"Laboratory Technician",5674,9,"No","7565.00"
9,38,"Research Director",12061,10,"No","14473.00"
3,58,"Healthcare Representative",5660,5,"No","13584.00"
7,36,"Sales Representative",4502,13,"No","4155.00"
5,45,"Laboratory Technician",5210,24,"No","2605.00"
2,31,"Research Scientist",2695,2,"No","16170.00"
1,33,"Manager",11878,10,"No","14253.00"
5,43,"Laboratory Technician",2455,8,"No","3682.00"
8,38,"Sales Executive",4440,15,"No","3552.00"
2,27,"Research Scientist",2478,4,"No","7434.00"
2,19,"Research Scientist",2552,1,"No","30624.00"
1,41,"Manager",17181,7,"No","29453.00"
6,37,"Manufacturing Director",6474,14,"No","5549.00"
6,31,"Manufacturing Director",8943,10,"No","10731.00"
5,20,"Laboratory Technician",3033,2,"No","18198.00"
9,47,"Research Director",18300,3,"No","73200.00"
5,43,"Laboratory Technician",5257,9,"No","7009.00"
2,54,"Research Scientist",4869,4,"No","14607.00"
3,43,"Healthcare Representative",9985,1,"No","119820.00"
7,32,"Sales Representative",2827,1,"No","33924.00"
2,44,"Research Scientist",2936,6,"Yes","5872.00"
9,38,"Research Director",11510,11,"No","12556.00"
5,41,"Laboratory Technician",2238,5,"No","5371.00"
2,23,"Research Scientist",2904,4,"No","8712.00"
2,29,"Research Scientist",2168,5,"No","5203.00"
9,42,"Research Director",15992,1,"No","191904.00"
2,22,"Research Scientist",2853,0,"Yes",NULL
2,44,"Research Scientist",2290,0,"No",NULL
8,50,"Sales Executive",6728,6,"Yes","13456.00"
2,41,"Research Scientist",2107,1,"Yes","25284.00"
5,40,"Laboratory Technician",2213,7,"No","3793.00"
7,47,"Sales Representative",3294,3,"No","13176.00"
4,26,"Human Resources",2942,8,"No","4413.00"
8,28,"Sales Executive",4898,4,"No","14694.00"
2,31,"Research Scientist",2657,2,"No","15942.00"
2,29,"Research Scientist",2201,3,"No","8804.00"
3,35,"Healthcare Representative",6540,1,"No","78480.00"
9,46,"Research Director",19081,4,"No","57243.00"
8,45,"Sales Executive",4286,1,"Yes","51432.00"
2,36,"Research Scientist",2543,2,"No","15258.00"
1,55,"Manager",16659,5,"No","39981.00"
5,24,"Laboratory Technician",2210,1,"Yes","26520.00"
5,37,"Laboratory Technician",3034,18,"No","2022.00"
5,42,"Laboratory Technician",2576,5,"No","6182.00"
6,37,"Manufacturing Director",4197,1,"No","50364.00"
9,43,"Research Director",14336,25,"No","6881.00"
5,36,"Laboratory Technician",2741,7,"No","4698.00"
5,30,"Laboratory Technician",3491,10,"No","4189.00"
7,38,"Sales Representative",2858,1,"No","34296.00"
8,36,"Sales Executive",6815,1,"No","81780.00"
5,31,"Laboratory Technician",2218,4,"No","6654.00"
1,39,"Manager",19197,21,"No","10969.00"
2,32,"Research Scientist",4998,8,"No","7497.00"
8,38,"Sales Executive",4198,3,"No","16792.00"
5,45,"Laboratory Technician",2348,17,"No","1657.00"
2,45,"Research Scientist",2654,2,"No","15924.00"
2,42,"Research Scientist",4556,5,"No","10934.00"
6,31,"Manufacturing Director",4148,4,"No","12444.00"
2,18,"Research Scientist",1051,0,"No",NULL
8,30,"Sales Executive",5301,2,"No","31806.00"
9,30,"Research Director",11416,8,"No","17124.00"
2,38,"Research Scientist",2610,4,"No","7830.00"
7,25,"Sales Representative",1118,1,"Yes","13416.00"
6,34,"Manufacturing Director",9547,10,"No","11456.00"
5,22,"Laboratory Technician",2451,4,"No","7353.00"
3,48,"Healthcare Representative",4240,2,"No","25440.00"
3,48,"Healthcare Representative",10999,15,"No","8799.00"
2,41,"Research Scientist",5467,6,"No","10934.00"
6,39,"Manufacturing Director",12742,21,"No","7281.00"
6,27,"Manufacturing Director",4227,3,"No","16908.00"
8,27,"Sales Executive",9981,7,"No","17110.00"
5,50,"Laboratory Technician",2380,1,"No","28560.00"
6,59,"Manufacturing Director",13726,5,"No","32942.00"
2,37,"Research Scientist",2996,6,"No","5992.00"
3,39,"Healthcare Representative",10920,6,"No","21840.00"
9,41,"Research Director",19973,21,"No","11413.00"
5,36,"Laboratory Technician",2743,17,"Yes","1936.00"
4,45,"Human Resources",9756,5,"No","23414.00"
1,52,"Manager",19999,33,"No","7272.00"
2,26,"Research Scientist",2042,3,"Yes","8168.00"
2,27,"Research Scientist",2394,8,"Yes","3591.00"
6,35,"Manufacturing Director",5916,1,"Yes","70992.00"
6,35,"Manufacturing Director",9362,2,"No","56172.00"
5,21,"Laboratory Technician",1416,1,"Yes","16992.00"
2,46,"Research Scientist",4615,16,"No","3461.00"
2,51,"Research Scientist",2461,10,"Yes","2953.00"
8,38,"Sales Executive",10609,16,"No","7956.00"
8,31,"Sales Executive",9852,10,"No","11822.00"
5,49,"Laboratory Technician",4284,4,"Yes","12852.00"
7,31,"Sales Representative",2302,3,"Yes","9208.00"
8,30,"Sales Executive",9419,10,"No","11302.00"
8,35,"Sales Executive",9069,9,"No","12092.00"
8,34,"Sales Executive",6029,2,"No","36174.00"
7,31,"Sales Representative",2329,7,"No","3992.00"
1,52,"Manager",19068,33,"No","6933.00"
7,32,"Sales Representative",3931,4,"No","11793.00"
4,39,"Human Resources",5204,5,"No","12489.00"
1,43,"Manager",16959,25,"No","8140.00"
8,38,"Sales Executive",6893,7,"No","11816.00"
2,37,"Research Scientist",3564,8,"No","5346.00"
9,31,"Research Director",16422,3,"No","65688.00"
8,36,"Sales Executive",10325,16,"Yes","7743.00"
8,37,"Sales Executive",10609,14,"Yes","9093.00"
8,38,"Sales Executive",5249,8,"No","7873.00"
8,38,"Sales Executive",5343,10,"No","6411.00"
2,31,"Research Scientist",1261,1,"Yes","15132.00"
5,27,"Laboratory Technician",2099,5,"No","5037.00"
5,36,"Laboratory Technician",5810,10,"No","6972.00"
8,59,"Sales Executive",7637,21,"No","4364.00"
7,52,"Sales Representative",3482,9,"No","4642.00"
8,45,"Sales Executive",5593,15,"No","4474.00"
8,35,"Sales Executive",7823,10,"No","9387.00"
8,59,"Sales Executive",5473,4,"No","16419.00"
8,39,"Sales Executive",7880,8,"No","11820.00"
8,40,"Sales Executive",13194,1,"Yes","158328.00"
2,56,"Research Scientist",2066,3,"No","8264.00"
1,33,"Manager",17444,10,"No","20932.00"
8,42,"Sales Executive",4907,20,"No","2944.00"
8,29,"Sales Executive",4554,10,"No","5464.00"
8,27,"Sales Executive",5071,6,"No","10142.00"
8,35,"Sales Executive",5813,10,"Yes","6975.00"
4,26,"Human Resources",2741,7,"Yes","4698.00"
5,34,"Laboratory Technician",3294,5,"No","7905.00"
7,31,"Sales Representative",2785,1,"Yes","33420.00"
8,47,"Sales Executive",4163,9,"No","5550.00"
8,46,"Sales Executive",7991,2,"No","47946.00"
8,28,"Sales Executive",4724,5,"No","11337.00"
1,41,"Manager",16015,22,"No","8735.00"
8,41,"Sales Executive",5993,6,"Yes","11986.00"
8,33,"Sales Executive",4302,3,"No","17208.00"
8,39,"Sales Executive",6120,5,"No","14688.00"
8,32,"Sales Executive",5484,13,"No","5062.00"
5,39,"Laboratory Technician",3646,1,"Yes","43752.00"
6,31,"Manufacturing Director",7446,10,"Yes","8935.00"
8,33,"Sales Executive",9998,5,"No","23995.00"
6,38,"Manufacturing Director",6553,1,"No","78636.00"
8,41,"Sales Executive",8938,5,"No","21451.00"
8,25,"Sales Executive",6232,3,"No","24928.00"
5,31,"Laboratory Technician",3722,2,"Yes","22332.00"
1,41,"Manager",13591,1,"No","163092.00"
8,27,"Sales Executive",4478,5,"No","10747.00"
8,28,"Sales Executive",6834,7,"No","11715.00"
8,39,"Sales Executive",4127,2,"No","24762.00"
1,40,"Manager",18041,20,"No","10824.00"
8,39,"Sales Executive",5736,3,"No","22944.00"
8,37,"Sales Executive",7428,5,"No","17827.00"
8,38,"Sales Executive",6861,1,"No","82332.00"
5,44,"Laboratory Technician",3162,5,"No","7588.00"
8,50,"Sales Executive",6347,18,"No","4231.00"
7,33,"Sales Representative",2342,2,"No","14052.00"
1,45,"Manager",17650,9,"No","23533.00"
6,49,"Manufacturing Director",6804,7,"No","11664.00"
1,53,"Manager",15427,25,"No","7404.00"
8,29,"Sales Executive",4649,4,"No","13947.00"
2,44,"Research Scientist",3420,5,"No","8208.00"
8,26,"Sales Executive",5296,8,"No","7944.00"
8,33,"Sales Executive",5368,6,"No","10736.00"
8,30,"Sales Executive",9714,10,"Yes","11656.00"
2,57,"Research Scientist",4900,12,"No","4900.00"
3,49,"Healthcare Representative",10466,8,"No","15699.00"
7,34,"Sales Representative",2220,1,"No","26640.00"
4,36,"Human Resources",2342,5,"No","5620.00"
7,31,"Sales Representative",1359,1,"Yes","16308.00"
7,21,"Sales Representative",2716,1,"Yes","32592.00"
8,37,"Sales Executive",6694,1,"No","80328.00"
8,28,"Sales Executive",5253,7,"No","9005.00"
8,51,"Sales Executive",4936,7,"No","8461.00"
8,54,"Sales Executive",10686,9,"No","14248.00"
7,20,"Sales Representative",2728,2,"No","16368.00"
8,41,"Sales Executive",7082,2,"No","42492.00"
2,22,"Research Scientist",2328,4,"No","6984.00"
3,55,"Healthcare Representative",4035,3,"No","16140.00"
8,31,"Sales Executive",6172,7,"Yes","10580.00"
7,25,"Sales Representative",4400,3,"Yes","17600.00"
3,40,"Healthcare Representative",4876,3,"No","19504.00"
8,31,"Sales Executive",5476,10,"No","6571.00"
2,28,"Research Scientist",1563,1,"No","18756.00"
8,25,"Sales Executive",4487,5,"No","10768.00"
7,36,"Sales Representative",3407,5,"Yes","8176.00"
1,47,"Manager",15972,3,"No","63888.00"
8,56,"Sales Executive",13212,7,"No","22649.00"
1,58,"Manager",17875,1,"No","214500.00"
8,31,"Sales Executive",10793,13,"No","9962.00"
8,25,"Sales Executive",8639,2,"No","51834.00"
5,29,"Laboratory Technician",3180,3,"No","12720.00"
6,28,"Manufacturing Director",6549,8,"No","9823.00"
3,33,"Healthcare Representative",6388,0,"No",NULL
6,30,"Manufacturing Director",8474,11,"No","9244.00"
9,51,"Research Director",12490,10,"No","14988.00"
8,59,"Sales Executive",5171,6,"No","10342.00"
9,44,"Research Director",16328,20,"No","9796.00"
6,39,"Manufacturing Director",8376,2,"No","50256.00"
3,35,"Healthcare Representative",8606,11,"No","9388.00"
5,23,"Laboratory Technician",2272,4,"No","6816.00"
5,40,"Laboratory Technician",2018,5,"Yes","4843.00"
2,31,"Research Scientist",4084,7,"Yes","7001.00"
8,32,"Sales Executive",6524,10,"No","7828.00"
5,36,"Laboratory Technician",5914,13,"No","5459.00"
8,33,"Sales Executive",6392,2,"No","38352.00"
6,33,"Manufacturing Director",4320,5,"No","10368.00"
8,48,"Sales Executive",6439,8,"No","9658.00"
3,42,"Healthcare Representative",10124,20,"No","6074.00"
5,33,"Laboratory Technician",5207,15,"No","4165.00"
8,34,"Sales Executive",6500,3,"No","26000.00"
3,40,"Healthcare Representative",4069,2,"No","24414.00"
7,36,"Sales Representative",2644,3,"No","10576.00"
2,32,"Research Scientist",5878,7,"No","10076.00"
2,29,"Research Scientist",2451,1,"No","29412.00"
5,35,"Laboratory Technician",2074,1,"Yes","24888.00"
8,32,"Sales Executive",9610,4,"No","28830.00"
8,40,"Sales Executive",4639,5,"No","11133.00"
7,35,"Sales Representative",2572,3,"No","10288.00"
7,35,"Sales Representative",2430,5,"No","5832.00"
2,34,"Research Scientist",5484,2,"No","32904.00"
2,26,"Research Scientist",2061,1,"No","24732.00"
2,49,"Research Scientist",5130,10,"No","6156.00"
8,34,"Sales Executive",9713,5,"No","23311.00"
3,29,"Healthcare Representative",8853,6,"No","17706.00"
8,45,"Sales Executive",4850,5,"No","11640.00"
5,36,"Laboratory Technician",5562,3,"No","22248.00"
5,35,"Laboratory Technician",3407,10,"No","4088.00"
5,35,"Laboratory Technician",2690,1,"No","32280.00"
2,33,"Research Scientist",2909,8,"No","4363.00"
8,46,"Sales Executive",7314,8,"Yes","10971.00"
8,25,"Sales Executive",4950,4,"No","14850.00"
5,32,"Laboratory Technician",3068,7,"No","5259.00"
5,30,"Laboratory Technician",2693,1,"No","32316.00"
6,36,"Manufacturing Director",4663,3,"No","18652.00"
6,34,"Manufacturing Director",4724,9,"No","6298.00"
5,49,"Laboratory Technician",3211,9,"No","4281.00"
6,38,"Manufacturing Director",9526,9,"No","12701.00"
8,36,"Sales Executive",7587,10,"No","9104.00"
2,35,"Research Scientist",5208,16,"No","3906.00"
1,51,"Manager",14026,33,"No","5100.00"
5,29,"Laboratory Technician",4193,9,"No","5590.00"
6,40,"Manufacturing Director",10435,18,"No","6956.00"
3,35,"Healthcare Representative",4148,14,"No","3555.00"
6,37,"Manufacturing Director",5768,4,"No","17304.00"
2,31,"Research Scientist",2911,5,"No","6986.00"
8,32,"Sales Executive",6735,0,"Yes",NULL
5,28,"Laboratory Technician",2028,4,"Yes","6084.00"
6,40,"Manufacturing Director",7945,4,"No","23835.00"
6,29,"Manufacturing Director",9980,10,"No","11976.00"
8,47,"Sales Executive",6397,5,"Yes","15352.00"
2,32,"Research Scientist",3298,6,"No","6596.00"
5,40,"Laboratory Technician",2166,4,"Yes","6498.00"
3,36,"Healthcare Representative",8008,3,"No","32032.00"
6,25,"Manufacturing Director",5206,7,"No","8924.00"
2,38,"Research Scientist",3944,3,"No","15776.00"
9,50,"Research Director",13269,14,"No","11373.00"
2,34,"Research Scientist",5433,11,"No","5926.00"
5,36,"Laboratory Technician",2013,4,"No","6039.00"
3,49,"Healthcare Representative",13966,15,"No","11172.00"
3,36,"Healthcare Representative",6842,5,"No","16420.00"
9,34,"Research Director",11994,12,"No","11994.00"
9,43,"Research Director",17603,14,"No","15088.00"
2,38,"Research Scientist",4735,13,"No","4370.00"
2,21,"Research Scientist",1232,0,"No",NULL
1,56,"Manager",19717,7,"No","33800.00"
8,35,"Sales Executive",5204,10,"No","6244.00"
1,49,"Manager",15379,8,"No","23068.00"
3,36,"Healthcare Representative",5347,3,"No","21388.00"
2,32,"Research Scientist",3919,10,"Yes","4702.00"
6,56,"Manufacturing Director",7260,6,"No","14520.00"
5,51,"Laboratory Technician",2075,4,"No","6225.00"
5,32,"Laboratory Technician",1393,1,"Yes","16716.00"
3,30,"Healthcare Representative",4152,11,"No","4529.00"
3,40,"Healthcare Representative",13503,22,"No","7365.00"
2,34,"Research Scientist",2929,10,"No","3514.00"
3,44,"Healthcare Representative",7879,8,"No","11818.00"
2,36,"Research Scientist",3419,1,"No","41028.00"
5,27,"Laboratory Technician",2341,1,"No","28092.00"
3,45,"Healthcare Representative",10748,23,"No","5607.00"
5,26,"Laboratory Technician",2293,1,"Yes","27516.00"
8,46,"Sales Executive",10368,10,"No","12441.00"
2,32,"Research Scientist",3433,5,"No","8239.00"
5,31,"Laboratory Technician",3477,5,"No","8344.00"
6,40,"Manufacturing Director",6516,1,"No","78192.00"
3,46,"Healthcare Representative",5562,10,"No","6674.00"
6,35,"Manufacturing Director",6883,7,"No","11799.00"
2,30,"Research Scientist",2862,10,"No","3434.00"
8,33,"Sales Executive",8564,0,"Yes",NULL
5,39,"Laboratory Technician",6472,9,"No","8629.00"
2,37,"Research Scientist",3022,1,"No","36264.00"
3,29,"Healthcare Representative",6294,3,"No","25176.00"
5,35,"Laboratory Technician",2269,1,"No","27228.00"
5,48,"Laboratory Technician",5381,1,"Yes","64572.00"
3,30,"Healthcare Representative",5294,7,"No","9075.00"
9,33,"Research Director",13458,15,"No","10766.00"
5,41,"Laboratory Technician",2289,5,"No","5493.00"
2,32,"Research Scientist",2956,1,"No","35472.00"
8,38,"Sales Executive",8686,8,"No","13029.00"
5,31,"Laboratory Technician",5915,7,"No","10140.00"
8,43,"Sales Executive",6804,2,"No","40824.00"
6,37,"Manufacturing Director",5993,7,"No","10273.00"
3,36,"Healthcare Representative",8321,12,"No","8321.00"
5,20,"Laboratory Technician",2926,1,"Yes","35112.00"
2,33,"Research Scientist",3143,10,"No","3771.00"
2,28,"Research Scientist",2044,5,"No","4905.00"
5,38,"Laboratory Technician",2406,10,"No","2887.00"
5,40,"Laboratory Technician",3377,4,"No","10131.00"
5,34,"Laboratory Technician",5346,7,"Yes","9164.00"
3,37,"Healthcare Representative",5163,1,"No","61956.00"
2,43,"Research Scientist",2438,3,"No","9752.00"
3,41,"Healthcare Representative",6870,3,"No","27480.00"
6,36,"Manufacturing Director",6499,6,"No","12998.00"
2,45,"Research Scientist",9724,1,"No","116688.00"
3,40,"Healthcare Representative",6513,5,"No","15631.00"
9,50,"Research Director",18172,8,"No","27258.00"
6,47,"Manufacturing Director",10333,22,"No","5636.00"
3,40,"Healthcare Representative",4448,7,"No","7625.00"
2,29,"Research Scientist",2703,5,"No","6487.00"
9,58,"Research Director",15787,2,"No","94722.00"
4,46,"Human Resources",3423,7,"No","5868.00"
8,35,"Sales Executive",8966,7,"No","15370.00"
5,27,"Laboratory Technician",2379,5,"No","5709.00"
2,32,"Research Scientist",6220,10,"No","7464.00"
7,29,"Sales Representative",2642,1,"No","31704.00"
5,47,"Laboratory Technician",2105,2,"No","12630.00"
6,46,"Manufacturing Director",8578,9,"No","11437.00"
3,29,"Healthcare Representative",6384,7,"No","10944.00"
5,42,"Laboratory Technician",3968,0,"No",NULL
5,36,"Laboratory Technician",3038,1,"No","36456.00"
9,48,"Research Director",19665,22,"No","10726.00"
2,29,"Research Scientist",2439,1,"Yes","29268.00"
2,27,"Research Scientist",4774,7,"No","8184.00"
2,22,"Research Scientist",2472,1,"Yes","29664.00"
5,31,"Laboratory Technician",4197,10,"No","5036.00"
5,29,"Laboratory Technician",2062,3,"No","8248.00"
6,31,"Manufacturing Director",4424,11,"No","4826.00"
6,45,"Manufacturing Director",5906,9,"No","7874.00"
1,40,"Manager",16823,19,"No","10625.00"
2,26,"Research Scientist",2933,1,"No","35196.00"
3,44,"Healthcare Representative",5033,2,"No","30198.00"
8,30,"Sales Executive",4115,4,"No","12345.00"
5,56,"Laboratory Technician",2587,4,"Yes","7761.00"
4,44,"Human Resources",3195,2,"No","19170.00"
5,30,"Laboratory Technician",5126,10,"No","6151.00"
5,34,"Laboratory Technician",6074,9,"Yes","8098.00"
1,45,"Manager",18824,24,"Yes","9412.00"
8,30,"Sales Executive",7140,7,"No","12240.00"
8,48,"Sales Executive",4051,9,"No","5401.00"
8,32,"Sales Executive",10422,14,"No","8933.00"
8,29,"Sales Executive",8268,7,"No","14173.00"
8,46,"Sales Executive",5772,9,"No","7696.00"
8,35,"Sales Executive",4717,11,"No","5145.00"
8,41,"Sales Executive",9241,10,"No","11089.00"
8,40,"Sales Executive",9094,5,"Yes","21825.00"
8,48,"Sales Executive",8120,2,"No","48720.00"
8,30,"Sales Executive",5304,8,"No","7956.00"
7,35,"Sales Representative",2014,2,"No","12084.00"
8,30,"Sales Executive",6696,6,"Yes","13392.00"
8,34,"Sales Executive",9725,15,"No","7780.00"
8,34,"Sales Executive",4538,3,"No","18152.00"
7,38,"Sales Representative",5405,4,"No","16215.00"
7,34,"Sales Representative",2351,2,"Yes","14106.00"
8,38,"Sales Executive",4028,7,"No","6905.00"
8,49,"Sales Executive",7654,9,"Yes","10205.00"
8,47,"Sales Executive",4960,7,"No","8502.00"
8,33,"Sales Executive",7104,5,"No","17049.00"
8,33,"Sales Executive",5147,11,"No","5614.00"
8,53,"Sales Executive",7525,15,"No","6020.00"
8,28,"Sales Executive",9854,2,"Yes","59124.00"
7,50,"Sales Representative",3875,2,"No","23250.00"
7,33,"Sales Representative",2851,1,"Yes","34212.00"
8,34,"Sales Executive",4568,9,"No","6090.00"
8,36,"Sales Executive",9278,5,"No","22267.00"
7,30,"Sales Representative",2983,3,"No","11932.00"
8,31,"Sales Executive",8161,1,"Yes","97932.00"
8,38,"Sales Executive",7351,1,"No","88212.00"
8,44,"Sales Executive",4768,1,"No","57216.00"
1,55,"Manager",19586,36,"No","6528.00"
8,41,"Sales Executive",9355,8,"Yes","14032.00"
1,52,"Manager",16856,34,"No","5949.00"
7,29,"Sales Representative",2760,2,"Yes","16560.00"
8,40,"Sales Executive",6380,6,"Yes","12760.00"
8,36,"Sales Executive",6652,6,"No","13304.00"
8,35,"Sales Executive",7295,10,"No","8754.00"
1,46,"Manager",17465,12,"No","17465.00"
8,30,"Sales Executive",4779,3,"No","19116.00"
8,27,"Sales Executive",4342,4,"No","13026.00"
8,33,"Sales Executive",8380,9,"No","11173.00"
7,37,"Sales Representative",2793,9,"No","3724.00"
8,40,"Sales Executive",8396,7,"No","14393.00"
8,35,"Sales Executive",8789,10,"No","10546.00"
8,35,"Sales Executive",10377,13,"No","9578.00"
8,42,"Sales Executive",5087,0,"No",NULL
8,43,"Sales Executive",10231,21,"No","5846.00"
8,54,"Sales Executive",5940,6,"No","11880.00"
8,35,"Sales Executive",4968,5,"No","11923.00"
8,25,"Sales Executive",5744,6,"Yes","11488.00"
1,43,"Manager",16064,17,"No","11339.00"
8,34,"Sales Executive",5304,5,"Yes","12729.00"
7,34,"Sales Representative",2231,4,"No","6693.00"
8,24,"Sales Executive",4260,5,"No","10224.00"
7,21,"Sales Representative",2679,1,"Yes","32148.00"
8,33,"Sales Executive",6146,7,"No","10536.00"
8,32,"Sales Executive",4465,3,"No","17860.00"
8,34,"Sales Executive",6712,8,"No","10068.00"
8,31,"Sales Executive",6932,9,"No","9242.00"
1,46,"Manager",18947,2,"No","113682.00"
8,31,"Sales Executive",5468,12,"No","5468.00"
8,41,"Sales Executive",4103,9,"No","5470.00"
7,25,"Sales Representative",2413,1,"Yes","28956.00"
8,40,"Sales Executive",9705,1,"No","116460.00"
8,31,"Sales Executive",5617,10,"Yes","6740.00"
8,42,"Sales Executive",6825,9,"No","9100.00"
8,50,"Sales Executive",10854,3,"Yes","43416.00"
8,46,"Sales Executive",9071,3,"No","36284.00"
8,56,"Sales Executive",5380,0,"No",NULL
8,29,"Sales Executive",6931,3,"No","27724.00"
7,53,"Sales Representative",2306,7,"No","3953.00"
8,37,"Sales Executive",4189,5,"No","10053.00"
8,36,"Sales Executive",5647,3,"No","22588.00"
8,53,"Sales Executive",10934,5,"No","26241.00"
1,44,"Manager",18213,22,"No","9934.00"
8,40,"Sales Executive",5715,5,"No","13716.00"
7,20,"Sales Representative",2323,2,"Yes","13938.00"
8,36,"Sales Executive",4639,15,"No","3711.00"
8,33,"Sales Executive",8224,5,"Yes","19737.00"
8,38,"Sales Executive",8740,8,"No","13110.00"
8,32,"Sales Executive",8998,9,"No","11997.00"
8,40,"Sales Executive",10855,12,"No","10855.00"
8,36,"Sales Executive",5406,15,"No","4324.00"
8,40,"Sales Executive",5677,11,"No","6193.00"
8,34,"Sales Executive",6538,3,"No","26152.00"
8,42,"Sales Executive",5155,6,"No","10310.00"
8,46,"Sales Executive",10453,24,"No","5226.00"
8,32,"Sales Executive",9204,4,"No","27612.00"
8,32,"Sales Executive",4648,0,"No",NULL
8,47,"Sales Executive",4537,7,"No","7777.00"
8,31,"Sales Executive",9637,3,"No","38548.00"
8,36,"Sales Executive",5507,4,"No","16521.00"
7,27,"Sales Representative",3041,4,"Yes","9123.00"
8,60,"Sales Executive",10266,18,"No","6844.00"
8,41,"Sales Executive",4393,5,"No","10543.00"
8,60,"Sales Executive",5405,2,"No","32430.00"
8,45,"Sales Executive",4385,10,"No","5262.00"
8,41,"Sales Executive",8392,10,"No","10070.00"
8,26,"Sales Executive",4157,2,"No","24942.00"
7,50,"Sales Representative",2683,3,"Yes","10732.00"
8,55,"Sales Executive",13695,19,"Yes","8649.00"
8,46,"Sales Executive",10096,7,"Yes","17307.00"
8,39,"Sales Executive",13341,20,"No","8004.00"
8,37,"Sales Executive",9602,3,"No","38408.00"
8,39,"Sales Executive",12031,20,"No","7218.00"
1,46,"Manager",17048,26,"No","7868.00"
8,34,"Sales Executive",9888,14,"No","8475.00"
7,31,"Sales Representative",2789,2,"No","16734.00"
8,26,"Sales Executive",5828,8,"Yes","8742.00"
8,35,"Sales Executive",4614,4,"Yes","13842.00"
8,42,"Sales Executive",13525,20,"No","8115.00"
7,18,"Sales Representative",1878,0,"Yes",NULL
8,35,"Sales Executive",8020,11,"No","8749.00"
8,32,"Sales Executive",5396,10,"No","6475.00"
8,60,"Sales Executive",5220,11,"No","5694.00"
8,26,"Sales Executive",6272,5,"No","15052.00"
8,30,"Sales Executive",6578,10,"No","7893.00"
8,51,"Sales Executive",5441,10,"No","6529.00"
8,50,"Sales Executive",9208,2,"No","55248.00"
8,37,"Sales Executive",6334,1,"No","76008.00"
8,51,"Sales Executive",10596,4,"No","31788.00"
8,49,"Sales Executive",4507,5,"No","10816.00"
7,19,"Sales Representative",1675,0,"Yes",NULL
8,28,"Sales Executive",4779,8,"No","7168.00"
8,32,"Sales Executive",9907,2,"Yes","59442.00"
7,38,"Sales Representative",2899,2,"No","17394.00"
8,32,"Sales Executive",4078,3,"No","16312.00"
8,47,"Sales Executive",4978,1,"No","59736.00"
7,41,"Sales Representative",3140,4,"Yes","9420.00"
1,57,"Manager",14118,1,"No","169416.00"
8,44,"Sales Executive",5454,4,"No","16362.00"
8,27,"Sales Executive",5769,6,"No","11538.00"
8,33,"Sales Executive",5487,10,"No","6584.00"
7,20,"Sales Representative",2678,2,"No","16068.00"
8,36,"Sales Executive",6134,2,"Yes","36804.00"
1,50,"Manager",19331,1,"No","231972.00"
8,31,"Sales Executive",7547,7,"No","12937.00"
8,48,"Sales Executive",5486,2,"No","32916.00"
7,29,"Sales Representative",2297,2,"No","13782.00"
8,29,"Sales Executive",7639,10,"Yes","9166.00"
1,42,"Manager",18303,1,"No","219636.00"
1,51,"Manager",16307,20,"No","9784.00"
8,33,"Sales Executive",5324,3,"Yes","21296.00"
8,33,"Sales Executive",4682,7,"No","8026.00"
8,25,"Sales Executive",4256,5,"No","10214.00"
8,41,"Sales Executive",10447,22,"No","5698.00"
8,27,"Sales Executive",6349,5,"No","15237.00"
7,23,"Sales Representative",1790,1,"Yes","21480.00"
8,53,"Sales Executive",11836,2,"No","71016.00"
8,45,"Sales Executive",10761,5,"No","25826.00"
8,43,"Sales Executive",5346,4,"Yes","16038.00"
8,27,"Sales Executive",4105,7,"No","7037.00"
1,52,"Manager",19845,32,"Yes","7441.00"
8,30,"Sales Executive",6118,10,"No","7341.00"
8,27,"Sales Executive",6214,8,"No","9321.00"
8,35,"Sales Executive",4312,15,"No","3449.00"
1,46,"Manager",18789,11,"No","20497.00"
4,26,"Human Resources",2148,5,"Yes","5155.00"
4,54,"Human Resources",10725,9,"No","14300.00"
4,24,"Human Resources",2145,2,"No","12870.00"
4,42,"Human Resources",6272,4,"No","18816.00"
4,44,"Human Resources",10482,20,"Yes","6289.00"
1,40,"Manager",16437,21,"No","9392.00"
4,45,"Human Resources",2177,6,"No","4354.00"
1,50,"Manager",18200,32,"No","6825.00"
4,31,"Human Resources",2109,3,"No","8436.00"
4,29,"Human Resources",2804,1,"No","33648.00"
4,59,"Human Resources",2267,2,"No","13602.00"
4,46,"Human Resources",5021,4,"No","15063.00"
4,28,"Human Resources",4936,5,"No","11846.00"
2,35,"Research Scientist",2859,6,"No","5718.00"
2,38,"Research Scientist",5329,13,"No","4919.00"
6,34,"Manufacturing Director",4325,5,"No","10380.00"
3,46,"Healthcare Representative",10673,10,"No","12807.00"
5,44,"Laboratory Technician",2042,3,"No","8168.00"
2,25,"Research Scientist",2889,2,"No","17334.00"
5,22,"Laboratory Technician",2871,0,"No",NULL
3,51,"Healthcare Representative",7484,13,"No","6908.00"
1,34,"Manager",11631,11,"No","12688.00"
3,58,"Healthcare Representative",10312,40,"Yes","3093.00"
6,49,"Manufacturing Director",6567,15,"No","5253.00"
2,43,"Research Scientist",4739,3,"No","18956.00"
6,36,"Manufacturing Director",4941,3,"No","19764.00"
5,32,"Laboratory Technician",4200,5,"Yes","10080.00"
2,45,"Research Scientist",3452,6,"No","6904.00"
5,30,"Laboratory Technician",2720,5,"No","6528.00"
5,19,"Laboratory Technician",1483,1,"No","17796.00"
2,40,"Research Scientist",5605,20,"No","3363.00"
6,51,"Manufacturing Director",6132,1,"No","73584.00"
2,58,"Research Scientist",3346,1,"No","40152.00"
2,22,"Research Scientist",2323,2,"No","13938.00"
2,27,"Research Scientist",2024,2,"No","12144.00"
2,28,"Research Scientist",2713,5,"No","6511.00"
2,27,"Research Scientist",2566,1,"No","30792.00"
5,36,"Laboratory Technician",2088,8,"No","3132.00"
5,30,"Laboratory Technician",3072,12,"No","3072.00"
2,31,"Research Scientist",3929,4,"No","11787.00"
2,34,"Research Scientist",2311,3,"No","9244.00"
5,50,"Laboratory Technician",3690,3,"No","14760.00"
6,53,"Manufacturing Director",4450,4,"No","13350.00"
2,33,"Research Scientist",2756,8,"No","4134.00"
1,40,"Manager",19033,20,"No","11419.00"
9,55,"Research Director",18722,24,"No","9361.00"
3,51,"Healthcare Representative",13734,7,"No","23544.00"
2,27,"Research Scientist",2279,7,"No","3906.00"
2,43,"Research Scientist",2089,5,"No","5013.00"
1,45,"Manager",16792,20,"No","10075.00"
5,35,"Laboratory Technician",4425,6,"No","8850.00"
6,42,"Manufacturing Director",5265,5,"No","12636.00"
2,34,"Research Scientist",3815,5,"No","9156.00"
5,40,"Laboratory Technician",2741,7,"No","4698.00"
3,38,"Healthcare Representative",6673,1,"Yes","80076.00"
5,36,"Laboratory Technician",2153,8,"No","3229.00"
3,46,"Healthcare Representative",9396,4,"No","28188.00"
2,33,"Research Scientist",2622,3,"No","10488.00"
5,34,"Laboratory Technician",4404,4,"No","13212.00"
5,27,"Laboratory Technician",3468,2,"No","20808.00"
5,59,"Laboratory Technician",2670,1,"No","32040.00"
3,36,"Healthcare Representative",5237,7,"No","8977.00"
5,35,"Laboratory Technician",2426,5,"No","5822.00"
5,34,"Laboratory Technician",2661,2,"No","15966.00"
5,22,"Laboratory Technician",2935,1,"No","35220.00"
2,34,"Research Scientist",2960,4,"Yes","8880.00"
3,44,"Healthcare Representative",10248,22,"No","5589.00"
5,33,"Laboratory Technician",2496,1,"No","29952.00"
5,30,"Laboratory Technician",2206,10,"No","2647.00"
2,24,"Research Scientist",2293,2,"Yes","13758.00"
2,43,"Research Scientist",2645,5,"No","6348.00"
5,30,"Laboratory Technician",4011,12,"No","4011.00"
3,35,"Healthcare Representative",9884,4,"No","29652.00"
5,35,"Laboratory Technician",4014,2,"No","24084.00"
6,32,"Manufacturing Director",6162,9,"No","8216.00"
9,50,"Research Director",18740,27,"No","8328.00"
1,55,"Manager",14756,5,"No","35414.00"
2,35,"Research Scientist",2194,3,"No","8776.00"
2,36,"Research Scientist",3388,1,"Yes","40656.00"
2,31,"Research Scientist",2501,1,"No","30012.00"
9,37,"Research Director",13664,5,"No","32793.00"
5,26,"Laboratory Technician",3955,5,"No","9492.00"
2,33,"Research Scientist",4508,13,"Yes","4161.00"
5,26,"Laboratory Technician",2377,1,"Yes","28524.00"
2,33,"Research Scientist",2313,2,"Yes","13878.00"
1,42,"Manager",17665,22,"No","9635.00"
5,28,"Laboratory Technician",2596,1,"Yes","31152.00"
1,48,"Manager",16885,5,"No","40524.00"
6,28,"Manufacturing Director",7655,9,"No","10206.00"
9,40,"Research Director",19626,20,"No","11775.00"
5,42,"Laboratory Technician",4272,1,"No","51264.00"
6,29,"Manufacturing Director",5056,10,"No","6067.00"
5,18,"Laboratory Technician",1904,0,"Yes",NULL
5,31,"Laboratory Technician",2610,2,"Yes","15660.00"
3,37,"Healthcare Representative",5731,6,"No","11462.00"
9,40,"Research Director",13499,18,"No","8999.00"
5,35,"Laboratory Technician",2258,8,"No","3387.00"
5,24,"Laboratory Technician",3597,4,"No","10791.00"
5,26,"Laboratory Technician",4420,8,"No","6630.00"
2,40,"Research Scientist",4422,1,"No","53064.00"
3,34,"Healthcare Representative",5343,13,"No","4932.00"
5,29,"Laboratory Technician",3131,10,"No","3757.00"
2,45,"Research Scientist",4477,3,"No","17908.00"
1,53,"Manager",18606,7,"No","31896.00"
1,50,"Manager",17856,2,"No","107136.00"
5,28,"Laboratory Technician",3196,6,"No","6392.00"
2,33,"Research Scientist",2781,14,"No","2383.00"
2,30,"Research Scientist",3579,11,"No","3904.00"
9,42,"Research Director",13191,1,"No","158292.00"
2,19,"Research Scientist",1859,1,"Yes","22308.00"
3,31,"Healthcare Representative",6833,6,"No","13666.00"
3,31,"Healthcare Representative",6812,10,"No","8174.00"
1,49,"Manager",18711,1,"No","224532.00"
3,55,"Healthcare Representative",13577,33,"No","4937.00"
6,59,"Manufacturing Director",10512,9,"No","14016.00"
5,34,"Laboratory Technician",4444,11,"No","4848.00"
5,28,"Laboratory Technician",2154,4,"No","6462.00"
2,42,"Research Scientist",2372,1,"No","28464.00"
3,44,"Healthcare Representative",7978,10,"Yes","9573.00"
5,51,"Laboratory Technician",2838,7,"No","4865.00"
6,30,"Manufacturing Director",4695,8,"No","7042.00"
2,25,"Research Scientist",2096,2,"No","12576.00"
1,45,"Manager",18061,0,"No",NULL
1,39,"Manager",17123,19,"No","10814.00"
2,39,"Research Scientist",3904,5,"Yes","9369.00"
1,30,"Manager",11916,9,"No","15888.00"
1,55,"Manager",19187,19,"No","12118.00"
5,25,"Laboratory Technician",3669,3,"No","14676.00"
6,58,"Manufacturing Director",10008,10,"Yes","12009.00"
5,35,"Laboratory Technician",5363,9,"No","7150.00"
3,40,"Healthcare Representative",6377,12,"No","6377.00"
5,34,"Laboratory Technician",5429,8,"No","8143.00"
6,31,"Manufacturing Director",6179,10,"Yes","7414.00"
6,52,"Manufacturing Director",13247,5,"No","31792.00"
2,43,"Research Scientist",4081,20,"No","2448.00"
2,26,"Research Scientist",3904,4,"No","11712.00"
5,37,"Laboratory Technician",3629,3,"No","14516.00"
9,54,"Research Director",17328,20,"No","10396.00"
9,58,"Research Director",19701,9,"No","26268.00"
9,55,"Research Director",14732,7,"No","25254.00"
9,47,"Research Director",17169,20,"No","10301.00"
2,41,"Research Scientist",2127,4,"No","6381.00"
3,45,"Healthcare Representative",10851,7,"No","18601.00"
9,40,"Research Director",13757,9,"No","18342.00"
9,53,"Research Director",16598,9,"No","22130.00"
2,40,"Research Scientist",2345,3,"No","9380.00"
5,42,"Laboratory Technician",3673,12,"No","3673.00"
9,34,"Research Director",17007,14,"No","14577.00"
5,24,"Laboratory Technician",3172,0,"Yes",NULL
6,44,"Manufacturing Director",10209,2,"No","61254.00"
5,33,"Laboratory Technician",3838,5,"No","9211.00"
5,28,"Laboratory Technician",2561,0,"Yes",NULL
5,49,"Laboratory Technician",4789,3,"No","19156.00"
1,32,"Manager",11244,5,"No","26985.00"
1,54,"Manager",16032,14,"No","13741.00"
9,50,"Research Director",14411,32,"No","5404.00"
5,42,"Laboratory Technician",4841,1,"No","58092.00"
2,37,"Research Scientist",4285,10,"No","5142.00"
5,35,"Laboratory Technician",2450,3,"No","9800.00"
6,38,"Manufacturing Director",4855,5,"Yes","11652.00"
2,34,"Research Scientist",2972,1,"No","35664.00"
5,29,"Laboratory Technician",4723,10,"No","5667.00"
3,35,"Healthcare Representative",6142,5,"No","14740.00"
5,28,"Laboratory Technician",2408,1,"Yes","28896.00"
3,50,"Healthcare Representative",11245,30,"No","4498.00"
9,44,"Research Director",19049,22,"No","10390.00"
2,30,"Research Scientist",2141,6,"No","4282.00"
5,45,"Laboratory Technician",5769,10,"No","6922.00"
6,39,"Manufacturing Director",5377,7,"No","9217.00"
6,28,"Manufacturing Director",4877,5,"No","11704.00"
2,21,"Research Scientist",3117,2,"No","18702.00"
5,39,"Laboratory Technician",3069,10,"No","3682.00"
6,39,"Manufacturing Director",5042,9,"No","6722.00"
6,38,"Manufacturing Director",7756,5,"No","18614.00"
2,37,"Research Scientist",3936,8,"No","5904.00"
1,48,"Manager",15202,2,"No","91212.00"
2,27,"Research Scientist",3517,3,"No","14068.00"
2,27,"Research Scientist",2580,4,"No","7740.00"
6,39,"Manufacturing Director",5295,5,"No","12708.00"
6,36,"Manufacturing Director",4374,3,"No","17496.00"
1,54,"Manager",17426,10,"No","20911.00"
2,32,"Research Scientist",5470,9,"No","7293.00"
5,49,"Laboratory Technician",2587,2,"No","15522.00"
5,38,"Laboratory Technician",2440,4,"No","7320.00"
5,23,"Laboratory Technician",3989,5,"Yes","9573.00"
5,38,"Laboratory Technician",3306,0,"No",NULL
3,53,"Healthcare Representative",7005,4,"No","21015.00"
5,26,"Laboratory Technician",2570,7,"No","4405.00"
5,34,"Laboratory Technician",3986,15,"No","3188.00"
3,60,"Healthcare Representative",10883,1,"No","130596.00"
5,33,"Laboratory Technician",2028,14,"No","1738.00"
2,35,"Research Scientist",4930,5,"No","11832.00"
2,24,"Research Scientist",4401,5,"No","10562.00"
5,29,"Laboratory Technician",2974,5,"No","7137.00"
5,26,"Laboratory Technician",2305,3,"No","9220.00"
5,24,"Laboratory Technician",3907,6,"No","7814.00"
5,23,"Laboratory Technician",3295,3,"No","13180.00"
2,27,"Research Scientist",3445,6,"No","6890.00"
2,34,"Research Scientist",2932,5,"No","7036.00"
5,38,"Laboratory Technician",2468,6,"No","4936.00"
3,38,"Healthcare Representative",5811,1,"No","69732.00"
5,42,"Laboratory Technician",2766,5,"No","6638.00"
9,55,"Research Director",19038,1,"No","228456.00"
6,53,"Manufacturing Director",12965,3,"No","51860.00"
5,22,"Laboratory Technician",2398,1,"Yes","28776.00"
9,46,"Research Director",19328,2,"No","115968.00"
2,44,"Research Scientist",2342,5,"Yes","5620.00"
9,39,"Research Director",13464,4,"No","40392.00"
3,42,"Healthcare Representative",5538,0,"No",NULL
6,35,"Manufacturing Director",5762,7,"No","9877.00"
6,37,"Manufacturing Director",4213,10,"Yes","5055.00"
6,30,"Manufacturing Director",9667,7,"No","16572.00"
3,46,"Healthcare Representative",8926,9,"Yes","11901.00"
5,35,"Laboratory Technician",2705,5,"No","6492.00"
2,54,"Research Scientist",6854,7,"No","11749.00"
2,28,"Research Scientist",3591,3,"No","14364.00"
2,18,"Research Scientist",1514,0,"No",NULL
5,29,"Laboratory Technician",3812,11,"No","4158.00"
1,43,"Manager",19392,16,"No","14544.00"
2,37,"Research Scientist",4284,5,"No","10281.00"
1,48,"Manager",17174,22,"No","9367.00"
9,42,"Research Director",13348,13,"No","12321.00"
5,31,"Laboratory Technician",3978,2,"No","23868.00"
3,45,"Healthcare Representative",5399,4,"No","16197.00"
6,39,"Manufacturing Director",5151,10,"No","6181.00"
2,38,"Research Scientist",2133,20,"No","1279.00"
2,28,"Research Scientist",2144,5,"No","5145.00"
2,31,"Research Scientist",3065,4,"No","9195.00"
5,26,"Laboratory Technician",2867,7,"No","4914.00"
3,32,"Healthcare Representative",6667,5,"No","16000.00"
5,31,"Laboratory Technician",1129,1,"No","13548.00"
9,31,"Research Director",11031,11,"No","12033.00"
6,54,"Manufacturing Director",4440,5,"No","10656.00"
5,30,"Laboratory Technician",3748,12,"No","3748.00"
3,47,"Healthcare Representative",8633,17,"No","6093.00"
5,33,"Laboratory Technician",2008,1,"No","24096.00"
9,47,"Research Director",11957,13,"No","11037.00"
5,35,"Laboratory Technician",2660,2,"No","15960.00"
2,35,"Research Scientist",5098,10,"No","6117.00"
3,33,"Healthcare Representative",4878,9,"No","6504.00"
9,38,"Research Director",13206,18,"No","8804.00"
2,44,"Research Scientist",2436,4,"No","7308.00"
2,29,"Research Scientist",4787,2,"Yes","28722.00"
2,40,"Research Scientist",2001,5,"No","4802.00"
2,29,"Research Scientist",3785,5,"No","9084.00"
6,31,"Manufacturing Director",9936,9,"No","13248.00"
5,36,"Laboratory Technician",2571,5,"No","6170.00"
3,39,"Healthcare Representative",9991,7,"No","17127.00"
6,31,"Manufacturing Director",4345,5,"No","10428.00"
2,29,"Research Scientist",2389,4,"Yes","7167.00"
5,33,"Laboratory Technician",2436,5,"Yes","5846.00"
5,39,"Laboratory Technician",2232,3,"No","8928.00"
9,31,"Research Director",13675,2,"No","82050.00"
2,37,"Research Scientist",3920,3,"No","15680.00"
6,37,"Manufacturing Director",10048,1,"Yes","120576.00"
5,42,"Laboratory Technician",2593,9,"No","3457.00"
9,40,"Research Director",19436,21,"No","11106.00"
5,31,"Laboratory Technician",3479,5,"Yes","8349.00"
3,31,"Healthcare Representative",5582,9,"No","7442.00"
3,45,"Healthcare Representative",13496,20,"No","8097.00"
1,55,"Manager",19045,36,"No","6348.00"
2,28,"Research Scientist",2070,5,"No","4968.00"
2,21,"Research Scientist",3230,3,"No","12920.00"
9,37,"Research Director",13603,5,"No","32647.00"
9,53,"Research Director",17584,5,"No","42201.00"
3,26,"Healthcare Representative",4741,5,"No","11378.00"
5,26,"Laboratory Technician",2373,3,"Yes","9492.00"
2,37,"Research Scientist",2326,4,"No","6978.00"
6,51,"Manufacturing Director",5482,4,"No","16446.00"
3,28,"Healthcare Representative",5661,8,"No","8491.00"
3,39,"Healthcare Representative",9613,18,"No","6408.00"
1,39,"Manager",17068,21,"No","9753.00"
2,52,"Research Scientist",4941,8,"Yes","7411.00"
2,32,"Research Scientist",5055,7,"No","8665.00"
2,28,"Research Scientist",3464,3,"Yes","13856.00"
2,30,"Research Scientist",5775,10,"No","6930.00"
1,39,"Manager",19272,21,"No","11012.00"
6,37,"Manufacturing Director",6347,6,"No","12694.00"
6,31,"Manufacturing Director",7143,11,"No","7792.00"
6,41,"Manufacturing Director",6032,5,"No","14476.00"
5,32,"Laboratory Technician",2370,8,"No","3555.00"
2,37,"Research Scientist",5974,7,"No","10241.00"
3,57,"Healthcare Representative",6755,3,"No","27020.00"
5,37,"Laboratory Technician",3452,5,"No","8284.00"
6,46,"Manufacturing Director",5258,1,"No","63096.00"
5,27,"Laboratory Technician",3816,5,"No","9158.00"
2,22,"Research Scientist",2244,2,"No","13464.00"
5,40,"Laboratory Technician",3448,1,"No","41376.00"
9,54,"Research Director",19406,4,"No","58218.00"
6,31,"Manufacturing Director",4306,13,"No","3974.00"
5,43,"Laboratory Technician",2258,3,"No","9032.00"
2,37,"Research Scientist",4449,13,"No","4106.00"
5,28,"Laboratory Technician",4558,10,"No","5469.00"
5,25,"Laboratory Technician",4031,2,"Yes","24186.00"
6,52,"Manufacturing Director",7969,5,"No","19125.00"
6,46,"Manufacturing Director",4810,10,"No","5772.00"
9,29,"Research Director",11935,10,"No","14322.00"
5,30,"Laboratory Technician",2564,11,"No","2797.00"
6,47,"Manufacturing Director",5070,5,"No","12168.00"
1,33,"Manager",13610,7,"Yes","23331.00"
5,33,"Laboratory Technician",3408,4,"Yes","10224.00"
6,42,"Manufacturing Director",7406,10,"No","8887.00"
9,33,"Research Director",16184,6,"No","32368.00"
3,46,"Healthcare Representative",10527,2,"No","63162.00"
3,38,"Healthcare Representative",9824,1,"No","117888.00"
2,24,"Research Scientist",2725,6,"No","5450.00"
2,27,"Research Scientist",2187,5,"No","5248.00"
5,43,"Laboratory Technician",5679,8,"No","8518.00"
2,22,"Research Scientist",2773,2,"No","16638.00"
2,30,"Research Scientist",2083,1,"No","24996.00"
6,36,"Manufacturing Director",8847,3,"No","35388.00"
2,27,"Research Scientist",2045,4,"No","6135.00"
2,20,"Research Scientist",1009,1,"Yes","12108.00"
2,23,"Research Scientist",2819,3,"No","11276.00"
5,50,"Laboratory Technician",3221,20,"No","1932.00"
3,34,"Healthcare Representative",8621,8,"No","12931.00"
5,44,"Laboratory Technician",3708,5,"No","8899.00"
2,42,"Research Scientist",2759,2,"Yes","16554.00"
3,34,"Healthcare Representative",6142,5,"No","14740.00"
5,23,"Laboratory Technician",2500,4,"No","7500.00"
3,56,"Healthcare Representative",11103,10,"No","13323.00"
2,40,"Research Scientist",2342,4,"No","7026.00"
3,27,"Healthcare Representative",6811,7,"No","11676.00"
2,38,"Research Scientist",3057,1,"No","36684.00"
2,23,"Research Scientist",3505,2,"No","21030.00"
1,55,"Manager",19859,5,"Yes","47661.00"
2,52,"Research Scientist",4258,4,"No","12774.00"
3,29,"Healthcare Representative",4335,8,"No","6502.00"
6,54,"Manufacturing Director",5485,5,"No","13164.00"
2,34,"Research Scientist",4381,6,"No","8762.00"
3,40,"Healthcare Representative",4244,8,"No","6366.00"
9,50,"Research Director",17639,4,"No","52917.00"
9,33,"Research Director",11691,13,"No","10791.00"
2,28,"Research Scientist",4382,2,"Yes","26292.00"
5,40,"Laboratory Technician",5094,1,"No","61128.00"
6,30,"Manufacturing Director",6877,0,"No",NULL
2,26,"Research Scientist",2366,8,"Yes","3549.00"
2,27,"Research Scientist",1706,0,"No",NULL
3,44,"Healthcare Representative",5933,5,"No","14239.00"
2,25,"Research Scientist",3424,4,"No","10272.00"
2,35,"Research Scientist",2559,6,"No","5118.00"
2,32,"Research Scientist",5175,5,"No","12420.00"
6,52,"Manufacturing Director",13826,9,"No","18434.00"
2,42,"Research Scientist",2515,2,"No","15090.00"
5,29,"Laboratory Technician",2532,4,"No","7596.00"
2,28,"Research Scientist",2377,2,"No","14262.00"
5,39,"Laboratory Technician",2404,2,"Yes","14424.00"
2,48,"Research Scientist",2259,0,"No",NULL
5,41,"Laboratory Technician",4721,18,"No","3147.00"
5,36,"Laboratory Technician",2519,11,"No","2748.00"
3,31,"Healthcare Representative",5855,9,"No","7806.00"
2,40,"Research Scientist",3617,1,"No","43404.00"
6,32,"Manufacturing Director",6725,8,"No","10087.00"
6,47,"Manufacturing Director",5067,19,"No","3200.00"
2,31,"Research Scientist",2321,3,"Yes","9284.00"
5,45,"Laboratory Technician",2270,5,"No","5448.00"
9,50,"Research Director",17399,5,"No","41757.00"
9,41,"Research Director",19419,18,"No","12946.00"
2,38,"Research Scientist",2684,2,"No","16104.00"
6,46,"Manufacturing Director",10845,8,"No","16267.00"
6,24,"Manufacturing Director",4377,4,"No","13131.00"
3,35,"Healthcare Representative",10388,16,"No","7791.00"
2,20,"Research Scientist",2600,1,"Yes","31200.00"
5,30,"Laboratory Technician",2422,3,"Yes","9688.00"
6,26,"Manufacturing Director",5472,8,"No","8208.00"
6,41,"Manufacturing Director",5003,2,"No","30018.00"
3,37,"Healthcare Representative",4777,1,"Yes","57324.00"
3,55,"Healthcare Representative",6385,8,"No","9577.00"
6,39,"Manufacturing Director",10880,21,"No","6217.00"
5,32,"Laboratory Technician",4025,8,"No","6037.00"
9,50,"Research Director",19237,8,"No","28855.00"
2,26,"Research Scientist",2007,5,"No","4816.00"
9,46,"Research Director",19627,2,"No","117762.00"
2,56,"Research Scientist",2942,5,"No","7060.00"
6,36,"Manufacturing Director",8858,14,"No","7592.00"
1,55,"Manager",16756,9,"No","22341.00"
8,41,"Sales Executive",6151,19,"No","3884.00"
8,29,"Sales Executive",7918,11,"No","8637.00"
8,42,"Sales Executive",6244,5,"No","14985.00"
1,50,"Manager",19517,7,"No","33457.00"
8,26,"Sales Executive",4294,7,"No","7361.00"
8,34,"Sales Executive",6125,10,"No","7350.00"
7,18,"Sales Representative",1569,0,"Yes",NULL
8,30,"Sales Executive",5209,11,"No","5682.00"
8,29,"Sales Executive",6644,0,"No",NULL
8,35,"Sales Executive",4601,5,"No","11042.00"
7,27,"Sales Representative",2534,1,"No","30408.00"
1,53,"Manager",14852,17,"No","10483.00"
8,37,"Sales Executive",6502,5,"No","15604.00"
8,38,"Sales Executive",5605,8,"No","8407.00"
8,31,"Sales Executive",6583,5,"No","15799.00"
8,35,"Sales Executive",10306,13,"Yes","9513.00"
8,34,"Sales Executive",8103,4,"No","24309.00"
7,18,"Sales Representative",1200,0,"No",NULL
7,32,"Sales Representative",2269,2,"No","13614.00"
8,35,"Sales Executive",5440,2,"Yes","32640.00"
8,45,"Sales Executive",8865,19,"No","5598.00"
8,29,"Sales Executive",5869,5,"No","14085.00"
8,39,"Sales Executive",5238,1,"Yes","62856.00"
7,20,"Sales Representative",2783,2,"No","16698.00"
8,40,"Sales Executive",7457,4,"No","22371.00"
8,26,"Sales Executive",4969,2,"Yes","29814.00"
8,44,"Sales Executive",13320,12,"No","13320.00"
7,47,"Sales Representative",2976,0,"No",NULL
1,48,"Manager",12504,0,"No",NULL
8,32,"Sales Executive",4668,8,"No","7002.00"
8,36,"Sales Executive",6653,1,"No","79836.00"
8,36,"Sales Executive",9699,13,"No","8952.00"
7,21,"Sales Representative",2610,3,"No","10440.00"
7,28,"Sales Representative",1052,1,"No","12624.00"
1,58,"Manager",16291,16,"No","12218.00"
8,36,"Sales Executive",7596,10,"No","9115.00"
8,43,"Sales Executive",10798,1,"No","129576.00"
8,29,"Sales Executive",4187,10,"No","5024.00"
8,33,"Sales Executive",5505,6,"No","11010.00"
8,24,"Sales Executive",4162,5,"No","9988.00"
8,58,"Sales Executive",13872,37,"No","4499.00"
8,46,"Sales Executive",9619,9,"Yes","12825.00"
8,28,"Sales Executive",8463,5,"No","20311.00"
8,26,"Sales Executive",4684,5,"No","11241.00"
7,48,"Sales Representative",2655,9,"Yes","3540.00"
8,33,"Sales Executive",4373,4,"No","13119.00"
8,36,"Sales Executive",9980,10,"No","11976.00"
8,32,"Sales Executive",10400,14,"Yes","8914.00"
8,26,"Sales Executive",4306,0,"No",NULL
8,35,"Sales Executive",4859,5,"No","11661.00"
7,21,"Sales Representative",2380,2,"No","14280.00"
8,37,"Sales Executive",8834,9,"No","11778.00"
7,24,"Sales Representative",2400,2,"No","14400.00"
8,34,"Sales Executive",4599,15,"Yes","3679.00"
7,25,"Sales Representative",2096,7,"No","3593.00"
8,37,"Sales Executive",9525,6,"No","19050.00"
8,31,"Sales Executive",4233,3,"Yes","16932.00"
8,31,"Sales Executive",5460,7,"No","9360.00"
8,28,"Sales Executive",4221,5,"No","10130.00"
8,47,"Sales Executive",4591,5,"No","11018.00"
8,53,"Sales Executive",8381,14,"No","7183.00"
8,35,"Sales Executive",5561,5,"No","13346.00"
8,43,"Sales Executive",7847,10,"No","9416.00"
8,29,"Sales Executive",5561,6,"No","11122.00"
8,27,"Sales Executive",4647,6,"No","9294.00"
8,40,"Sales Executive",4327,0,"No",NULL
7,27,"Sales Representative",3540,9,"No","4720.00"
8,47,"Sales Executive",13770,22,"No","7510.00"
8,33,"Sales Executive",4539,10,"No","5446.00"
8,34,"Sales Executive",8628,8,"No","12942.00"
8,36,"Sales Executive",7644,9,"No","10192.00"
8,25,"Sales Executive",6180,6,"No","12360.00"
8,40,"Sales Executive",5473,8,"No","8209.00"
1,40,"Manager",19833,21,"No","11333.00"
8,32,"Sales Executive",5010,11,"No","5465.00"
7,28,"Sales Representative",2856,1,"No","34272.00"
7,30,"Sales Representative",1081,1,"Yes","12972.00"
8,55,"Sales Executive",5160,9,"Yes","6880.00"
8,33,"Sales Executive",4037,9,"No","5382.00"
8,39,"Sales Executive",8237,7,"No","14120.00"
8,32,"Sales Executive",6209,10,"No","7450.00"
7,29,"Sales Representative",2800,3,"Yes","11200.00"
7,37,"Sales Representative",2973,5,"No","7135.00"
8,37,"Sales Executive",7642,10,"No","9170.00"
8,49,"Sales Executive",5390,9,"No","7186.00"
8,28,"Sales Executive",4908,4,"No","14724.00"
7,20,"Sales Representative",2044,2,"Yes","12264.00"
8,27,"Sales Executive",6500,8,"No","9750.00"
5,32,"Laboratory Technician",2743,2,"No","16458.00"
2,21,"Research Scientist",2693,1,"Yes","32316.00"
8,40,"Sales Executive",10932,1,"No","131184.00"
9,45,"Research Director",13245,0,"No",NULL
6,35,"Manufacturing Director",10221,8,"No","15331.00"
6,36,"Manufacturing Director",5228,9,"No","6970.00"
8,32,"Sales Executive",4707,4,"Yes","14121.00"
5,35,"Laboratory Technician",1951,1,"No","23412.00"
1,47,"Manager",16752,26,"No","7731.00"
8,25,"Sales Executive",4194,5,"No","10065.00"
2,33,"Research Scientist",2686,10,"Yes","3223.00"
6,37,"Manufacturing Director",9434,10,"No","11320.00"
1,44,"Manager",19513,2,"No","117078.00"
3,44,"Healthcare Representative",6465,4,"No","19395.00"
9,43,"Research Director",16627,1,"No","199524.00"
5,35,"Laboratory Technician",3681,3,"No","14724.00"
1,53,"Manager",19094,14,"No","16366.00"
6,24,"Manufacturing Director",4011,4,"No","12033.00"
5,24,"Laboratory Technician",2127,1,"No","25524.00"
3,41,"Healthcare Representative",6811,8,"No","10216.00"
5,37,"Laboratory Technician",2090,0,"Yes",NULL
5,42,"Laboratory Technician",2093,2,"No","12558.00"
3,43,"Healthcare Representative",4522,5,"No","10852.00"
9,37,"Research Director",12185,10,"No","14622.00"
3,49,"Healthcare Representative",10965,5,"No","26316.00"
3,42,"Healthcare Representative",6781,1,"No","81372.00"
5,29,"Laboratory Technician",3983,3,"No","15932.00"
5,29,"Laboratory Technician",2119,7,"Yes","3632.00"
2,45,"Research Scientist",3697,10,"No","4436.00"
1,45,"Manager",19202,24,"No","9601.00"
4,29,"Human Resources",7988,10,"No","9585.00"
5,29,"Laboratory Technician",4025,4,"No","12075.00"
5,25,"Laboratory Technician",3977,2,"No","23862.00"
5,23,"Laboratory Technician",2647,5,"No","6352.00"
2,34,"Research Scientist",5747,15,"No","4597.00"
5,26,"Laboratory Technician",2544,7,"No","4361.00"
6,35,"Manufacturing Director",4788,3,"No","19152.00"
8,31,"Sales Executive",5332,5,"No","12796.00"
2,39,"Research Scientist",3902,2,"No","23412.00"
2,36,"Research Scientist",6962,1,"No","83544.00"
5,38,"Laboratory Technician",3702,5,"No","8884.00"
9,49,"Research Director",16413,4,"No","49239.00"
4,38,"Human Resources",2991,6,"No","5982.00"
8,34,"Sales Executive",6274,6,"No","12548.00"
6,45,"Manufacturing Director",5770,10,"No","6924.00"
5,27,"Laboratory Technician",4066,7,"No","6970.00"
2,32,"Research Scientist",3312,3,"No","13248.00"
8,24,"Sales Executive",4999,3,"No","19996.00"
2,22,"Research Scientist",2814,4,"No","8442.00"
1,42,"Manager",19613,1,"No","235356.00"
2,48,"Research Scientist",2367,8,"No","3550.00"
2,26,"Research Scientist",2368,5,"No","5683.00"
3,29,"Healthcare Representative",9715,7,"No","16654.00"
2,34,"Research Scientist",4809,16,"No","3606.00"
5,40,"Laboratory Technician",3975,8,"No","5962.00"
2,34,"Research Scientist",2996,4,"No","8988.00"
3,29,"Healthcare Representative",7553,8,"Yes","11329.00"
5,26,"Laboratory Technician",3578,7,"No","6133.00"
5,52,"Laboratory Technician",2950,5,"No","7080.00"
2,33,"Research Scientist",2799,3,"No","11196.00"
2,44,"Research Scientist",4541,20,"No","2724.00"
4,37,"Human Resources",4071,10,"No","4885.00"
8,35,"Sales Executive",4581,11,"Yes","4997.00"
8,25,"Sales Executive",4907,5,"No","11776.00"
5,35,"Laboratory Technician",2376,2,"No","14256.00"
8,50,"Sales Executive",4728,0,"Yes",NULL
8,30,"Sales Executive",8412,9,"No","11216.00"
7,26,"Sales Representative",2966,4,"No","8898.00"
2,28,"Research Scientist",3660,8,"No","5490.00"
8,30,"Sales Executive",7264,8,"No","10896.00"
7,19,"Sales Representative",2121,1,"Yes","25452.00"
3,37,"Healthcare Representative",4107,4,"No","12321.00"
2,38,"Research Scientist",2821,2,"No","16926.00"
5,36,"Laboratory Technician",4834,1,"Yes","58008.00"
5,35,"Laboratory Technician",3917,3,"No","15668.00"
8,34,"Sales Executive",4759,13,"No","4392.00"
5,35,"Laboratory Technician",3743,4,"Yes","11229.00"
3,33,"Healthcare Representative",5488,6,"No","10976.00"
2,36,"Research Scientist",4678,6,"No","9356.00"
5,49,"Laboratory Technician",7403,26,"No","3416.00"
8,45,"Sales Executive",4805,8,"No","7207.00"
6,30,"Manufacturing Director",9957,6,"No","19914.00"
2,34,"Research Scientist",2307,5,"Yes","5536.00"
7,19,"Sales Representative",2325,0,"Yes",NULL
3,28,"Healthcare Representative",8722,10,"Yes","10466.00"
6,38,"Manufacturing Director",6261,7,"No","10733.00"
8,34,"Sales Executive",7083,10,"No","8499.00"
2,27,"Research Scientist",3058,5,"No","7339.00"
2,55,"Research Scientist",2662,5,"No","6388.00"
7,30,"Sales Representative",2476,1,"No","29712.00"
9,38,"Research Director",13582,15,"No","10865.00"
2,42,"Research Scientist",2936,6,"No","5872.00"
8,34,"Sales Executive",6799,10,"No","8158.00"
1,51,"Manager",13116,2,"No","78696.00"
7,34,"Sales Representative",2308,11,"No","2517.00"
6,29,"Manufacturing Director",4319,10,"No","5182.00"
7,21,"Sales Representative",2174,3,"Yes","8696.00"
2,30,"Research Scientist",3204,3,"No","12816.00"
2,33,"Research Scientist",3055,9,"No","4073.00"
2,38,"Research Scientist",4317,3,"No","17268.00"
2,43,"Research Scientist",2437,1,"Yes","29244.00"
2,32,"Research Scientist",2718,7,"No","4659.00"
2,29,"Research Scientist",2109,1,"No","25308.00"
2,30,"Research Scientist",4968,9,"No","6624.00"
6,31,"Manufacturing Director",5238,5,"No","12571.00"
9,45,"Research Director",16704,21,"No","9545.00"
2,55,"Research Scientist",3537,4,"No","10611.00"
7,24,"Sales Representative",3202,5,"Yes","7684.00"
8,30,"Sales Executive",4736,2,"No","28416.00"
7,45,"Sales Representative",6632,8,"No","9948.00"
5,22,"Laboratory Technician",2523,2,"No","15138.00"
2,24,"Research Scientist",3760,6,"No","7520.00"
1,59,"Manager",11904,6,"No","23808.00"
7,29,"Sales Representative",1091,1,"Yes","13092.00"
8,36,"Sales Executive",9738,9,"No","12984.00"
8,40,"Sales Executive",6852,5,"No","16444.00"
5,27,"Laboratory Technician",2811,2,"No","16866.00"
2,21,"Research Scientist",2070,2,"No","12420.00"
8,26,"Sales Executive",5326,4,"Yes","15978.00"
3,58,"Healthcare Representative",10552,6,"No","21104.00"
5,43,"Laboratory Technician",4876,6,"No","9752.00"
3,34,"Healthcare Representative",5063,8,"No","7594.00"
8,32,"Sales Executive",5228,13,"No","4825.00"
2,23,"Research Scientist",2073,2,"No","12438.00"
4,19,"Human Resources",2564,1,"Yes","30768.00"
2,32,"Research Scientist",4087,6,"No","8174.00"
6,53,"Manufacturing Director",10169,33,"Yes","3697.00"
3,45,"Healthcare Representative",7441,10,"No","8929.00"
5,24,"Laboratory Technician",2296,1,"No","27552.00"
2,45,"Research Scientist",2132,5,"No","5116.00"
2,58,"Research Scientist",2479,1,"Yes","29748.00"
8,31,"Sales Executive",6929,8,"No","10393.00"
2,29,"Research Scientist",2362,9,"Yes","3149.00"
2,30,"Research Scientist",1274,1,"No","15288.00"
6,35,"Manufacturing Director",10903,13,"No","10064.00"
5,25,"Laboratory Technician",3691,7,"Yes","6327.00"
8,49,"Sales Executive",13120,9,"No","17493.00"
3,49,"Healthcare Representative",6651,3,"No","26604.00"
3,36,"Healthcare Representative",10096,17,"No","7126.00"
2,49,"Research Scientist",3580,4,"No","10740.00"
5,28,"Laboratory Technician",3441,2,"Yes","20646.00"
6,45,"Manufacturing Director",9380,3,"No","37520.00"
9,27,"Research Director",12808,9,"No","17077.00"
8,30,"Sales Executive",9250,4,"No","27750.00"
9,41,"Research Director",19545,22,"Yes","10660.00"
7,28,"Sales Representative",2909,3,"Yes","11636.00"
8,36,"Sales Executive",5079,7,"No","8706.00"
5,37,"Laboratory Technician",3500,6,"No","7000.00"
2,47,"Research Scientist",3420,6,"No","6840.00"
8,29,"Sales Executive",5765,5,"Yes","13836.00"
8,31,"Sales Executive",8346,5,"No","20030.00"
9,54,"Research Director",13549,4,"No","40647.00"
3,39,"Healthcare Representative",4553,20,"No","2731.00"
5,20,"Laboratory Technician",2973,1,"Yes","35676.00"
8,38,"Sales Executive",5666,5,"No","13598.00"
8,36,"Sales Executive",5673,10,"No","6807.00"
2,41,"Research Scientist",3376,10,"No","4051.00"
5,25,"Laboratory Technician",3229,3,"No","12916.00"
7,29,"Sales Representative",2157,3,"No","8628.00"
3,34,"Healthcare Representative",6687,14,"No","5731.00"
7,39,"Sales Representative",2086,1,"Yes","25032.00"
4,42,"Human Resources",2696,3,"No","10784.00"
2,34,"Research Scientist",2029,5,"No","4869.00"
2,52,"Research Scientist",5577,10,"No","6692.00"
6,37,"Manufacturing Director",7491,6,"No","14982.00"
5,26,"Laboratory Technician",2340,1,"Yes","28080.00"
6,51,"Manufacturing Director",13142,5,"No","31540.00"
6,29,"Manufacturing Director",4262,3,"No","17048.00"
5,22,"Laboratory Technician",3894,2,"Yes","23364.00"
3,36,"Healthcare Representative",7094,7,"No","12161.00"
4,35,"Human Resources",4323,5,"No","10375.00"
7,34,"Sales Representative",2579,8,"No","3868.00"
2,29,"Research Scientist",2546,2,"Yes","15276.00"
7,21,"Sales Representative",3447,3,"No","13788.00"
3,42,"Healthcare Representative",4523,6,"No","9046.00"
5,30,"Laboratory Technician",4627,9,"No","6169.00"
2,30,"Research Scientist",2285,1,"Yes","27420.00"
2,28,"Research Scientist",2080,3,"No","8320.00"
2,26,"Research Scientist",3102,6,"Yes","6204.00"
2,29,"Research Scientist",2058,6,"Yes","4116.00"
2,30,"Research Scientist",2657,5,"Yes","6376.00"
5,29,"Laboratory Technician",3339,7,"Yes","5724.00"
6,27,"Manufacturing Director",4298,2,"No","25788.00"
3,50,"Healthcare Representative",10496,4,"No","31488.00"
4,34,"Human Resources",2742,2,"Yes","16452.00"
2,34,"Research Scientist",2585,1,"No","31020.00"
6,35,"Manufacturing Director",8095,16,"No","6071.00"
5,48,"Laboratory Technician",2559,1,"No","30708.00"
2,36,"Research Scientist",3692,11,"No","4027.00"
6,36,"Manufacturing Director",10252,7,"No","17574.00"
3,49,"Healthcare Representative",13964,7,"No","23938.00"
2,31,"Research Scientist",4821,5,"No","11570.00"
2,36,"Research Scientist",4485,8,"No","6727.00"
7,23,"Sales Representative",2322,0,"No",NULL
5,55,"Laboratory Technician",5415,10,"No","6498.00"
5,32,"Laboratory Technician",2176,6,"No","4352.00"
3,39,"Healthcare Representative",10938,19,"No","6908.00"
1,46,"Manager",16872,7,"No","28923.00"
6,46,"Manufacturing Director",7379,6,"No","14758.00"
2,40,"Research Scientist",3319,9,"No","4425.00"
1,42,"Manager",19232,22,"No","10490.00"
6,54,"Manufacturing Director",10739,10,"No","12886.00"
2,32,"Research Scientist",2439,4,"No","7317.00"
5,56,"Laboratory Technician",2339,10,"Yes","2806.00"
3,40,"Healthcare Representative",10322,11,"No","11260.00"
8,50,"Sales Executive",6796,4,"Yes","20388.00"
5,40,"Laboratory Technician",6323,10,"No","7587.00"
8,46,"Sales Executive",13225,19,"No","8352.00"
1,56,"Manager",19943,5,"No","47863.00"
5,28,"Laboratory Technician",2367,4,"Yes","7101.00"
2,47,"Research Scientist",5467,8,"No","8200.00"
8,30,"Sales Executive",6577,5,"No","15784.00"
2,27,"Research Scientist",2226,5,"No","5342.00"
8,35,"Sales Executive",9582,8,"Yes","14373.00"
